[{"title":"elementary","orderIndex":0,"password":"","ratio":1.2,"caseType":0,"countTime":5,"unitTime":1,"boxCount":5,"languageItemOne":0,"languageItemTwo":0,"languageItemThree":0,"rootGroupId":1,"imagePath":"","lessons":[{"title":"Calling In Sick","orderIndex":2,"imagePath":null,"storyTitle":"Calling In Sick","storyDesc":"- Hello! Daniel speaking, how may I help you?\n+Hi Daniel, Julie here.\n- Hi Julie! How are you?\n+ Actually, I'm feeling quite ill today.\n- Oh! I'm sorry to hear that. What's wrong?\n+ I think I'm coming down with the flu.\nI have a headache, sore throat, a runny nose, and I'm feeling slightly feverish.\n- Oh! So you're calling in sick.\n+ Yes, I was hoping to take the day off to recover.\n- Ok then try and get some rest.","storyImagePath":null,"storyVoicePathOne":"/data/user/0/com.example.leitner/app_flutter/70808046-d791-4713-95ee-6df2111e1c7d.mp3","storyVoicePathTwo":null,"descriptionTitle":"Calling In Sick","descriptionDesc":"- Hello! Daniel speaking, how may I help you?\n+Hi Daniel, Julie here.\n- Hi Julie! How are you?\n+ Actually, I'm feeling quite ill today.\n- Oh! I'm sorry to hear that. What's wrong?\n+ I think I'm coming down with the flu.\nI have a headache, sore throat, a runny nose, and I'm feeling slightly feverish.\n- Oh! So you're calling in sick.\n+ Yes, I was hoping to take the day off to recover.\n- Ok then try and get some rest.","descriptionImagePath":null,"descriptionVoicePathOne":"/data/user/0/com.example.leitner/app_flutter/84e05848-26dd-4bc6-a5a2-a5c120694a76.mp3","descriptionVoicePathTwo":null,"subGroupId":1,"cards":[{"question":"- I don't think I can go to work today. I'm feeling -------------.\n\nکامل کنید: خیلی مریض\n\n","orderIndex":1,"questionVoicePath":"/data/user/0/com.example.leitner/app_flutter/616a2355-de7f-4423-afa0-2937e41cd0cc.mp3","ratio":1.2,"reply":"Quite ill","replyVoicePath":"/data/user/0/com.example.leitner/app_flutter/767cbb5c-c3f7-4594-b68a-79b9f2506c52.mp3","description":"Quite ill means very sick.\nQuite ill is mostly used in British accent.","descriptionVoicePath":"/data/user/0/com.example.leitner/app_flutter/8554ad44-b176-4b02-b880-af2ee5b8a100.mp3","imagePath":"","dateCreated":"2021-10-08 18:55:32.072","examDone":false,"boxNumber":0,"boxVisibleDate":"2022-01-26 18:49:17.368","lessonId":1},{"question":"I'm feeling very sick. I think I have the ---------.\n\nکامل کنید. (انفولانزا)","orderIndex":2,"questionVoicePath":"/data/user/0/com.example.leitner/app_flutter/0df025e0-56fc-4a49-9961-74067a93bbf1.mp3","ratio":1.2,"reply":"Flu\n","replyVoicePath":"/data/user/0/com.example.leitner/app_flutter/300bd117-1add-4e5a-891a-e2e323fd8286.mp3","description":"Flu or influenza is a kind of sickness.\nIt is similar to a cold but it is more severe.","descriptionVoicePath":"/data/user/0/com.example.leitner/app_flutter/ded5471e-8975-48d8-9c02-9e2c4ea73949.mp3","imagePath":"","dateCreated":"2021-10-08 18:58:53.469","examDone":false,"boxNumber":0,"boxVisibleDate":"2022-01-26 18:49:17.399","lessonId":1},{"question":"- Do you have a painkiller? I have a very bad -------.\n\nکامل کنید. (سردرد)","orderIndex":3,"questionVoicePath":"/data/user/0/com.example.leitner/app_flutter/23b28f61-57fe-40f6-a356-8400765ee46a.mp3","ratio":1.2,"reply":"headache.","replyVoicePath":"/data/user/0/com.example.leitner/app_flutter/56e1143f-56e2-4cd9-97d7-276d51d1223c.mp3","description":"If you have a headache, your head hurts. You have a sore head.","descriptionVoicePath":"/data/user/0/com.example.leitner/app_flutter/7aa89f81-6d21-4600-a631-9ad7cbed1a0b.mp3","imagePath":"","dateCreated":"2021-10-08 19:00:29.453","examDone":false,"boxNumber":0,"boxVisibleDate":"2022-01-26 18:49:17.411","lessonId":1},{"question":"- Are you feeling ok?\n+ No, I have a --------.\n\nکامل کنید. (گلودرد)","orderIndex":4,"questionVoicePath":"/data/user/0/com.example.leitner/app_flutter/829b716c-1ebd-4f65-b2fb-eb6c912fd67c.mp3","ratio":1.2,"reply":"sore throat","replyVoicePath":"/data/user/0/com.example.leitner/app_flutter/aef0b459-78dd-4e9e-86bb-6a897e158244.mp3","description":"If you have a sore throat it means that your throat hurts.\nThe word sore means painful and it can be used with other body parts too.\n\nFor example you may have hurt your arm and have a sore arm, or if you move your head very fast you may end up with a sore neck.","descriptionVoicePath":"/data/user/0/com.example.leitner/app_flutter/dc6991e0-915e-40ca-9525-29a1d789c67b.mp3","imagePath":"","dateCreated":"2021-10-08 19:09:20.398","examDone":false,"boxNumber":0,"boxVisibleDate":"2022-01-26 18:49:17.423","lessonId":1},{"question":"- Can I have a tissue? I have a ------.\n\nکامل کنید. (آبریزش بینی)","orderIndex":5,"questionVoicePath":"/data/user/0/com.example.leitner/app_flutter/e9eca509-b465-43cc-8f80-6f4616a422c8.mp3","ratio":1.2,"reply":"runny nose","replyVoicePath":"/data/user/0/com.example.leitner/app_flutter/f6358af2-f41b-4fe4-afdb-d505f81c40d3.mp3","description":"When you have a runny nose, there's lots of water coming out of your nose.","descriptionVoicePath":"/data/user/0/com.example.leitner/app_flutter/60257c6a-eecc-4037-ada9-cc0f42b86dcf.mp3","imagePath":"","dateCreated":"2021-10-08 19:10:55.033","examDone":false,"boxNumber":0,"boxVisibleDate":"2022-01-26 18:49:17.434","lessonId":1},{"question":"- Can you take my temperature please? I'm feeling ------- -------------. \n\nکامل کنید: یکم تب دارم (دو کلمه)","orderIndex":6,"questionVoicePath":"/data/user/0/com.example.leitner/app_flutter/c2509544-8cd7-43e3-b4f6-0cf1633b35f8.mp3","ratio":1.2,"reply":"slightly feverish","replyVoicePath":"/data/user/0/com.example.leitner/app_flutter/849a8b8a-9ec6-4f88-93e5-da1961543941.mp3","description":"Fever is having high body temperature.\nSlightly means a little bit.\nSlightly feverish is the feeling of your body being hot.","descriptionVoicePath":"/data/user/0/com.example.leitner/app_flutter/b8a6296a-6a78-4d87-bf08-206077f94fef.mp3","imagePath":"","dateCreated":"2021-10-09 10:14:33.883","examDone":false,"boxNumber":0,"boxVisibleDate":"2022-01-26 18:49:17.444","lessonId":1},{"question":"- I can't go to school today. I'm feeling very sick. I need to stay home to -------.\n\nکامل کنید: بهتر بشم.","orderIndex":7,"questionVoicePath":"/data/user/0/com.example.leitner/app_flutter/a9d873e6-2178-4907-9650-a5a1b9c45e53.mp3","ratio":1.2,"reply":" recover","replyVoicePath":"/data/user/0/com.example.leitner/app_flutter/204c6af5-4479-49e1-9f3b-05ef184897e9.mp3","description":"to recover means to get better.\n\nFor example:\n\nI had a very busy week. I need to recover this weekend.","descriptionVoicePath":"/data/user/0/com.example.leitner/app_flutter/82c755c7-b66b-48aa-9956-0c75dcdfb1b6.mp3","imagePath":"","dateCreated":"2021-10-08 19:18:47.930","examDone":false,"boxNumber":0,"boxVisibleDate":"2022-01-26 18:49:17.452","lessonId":1},{"question":"- I have a sore throat. I think I'm ---------------------------.\n\nکامل کنید.\n(starting to get sick) (the flu)","orderIndex":8,"questionVoicePath":"/data/user/0/com.example.leitner/app_flutter/777750b2-c494-497e-94da-f21bcf024631.mp3","ratio":1.2,"reply":"coming down with the flu","replyVoicePath":"/data/user/0/com.example.leitner/app_flutter/4d480838-55ea-4bc8-a2f3-42335944b41d.mp3","description":"I'm coming down with something\nThis expression is used when you feel that you're starting to get sick.\n\nPay attention to these examples.\n\n- You don't look good. I think you're coming down with something. \n\n- I have a sore throat. I think I'm coming down with the flu.","descriptionVoicePath":"/data/user/0/com.example.leitner/app_flutter/af414517-1c6c-47c7-84c0-137d8853012b.mp3","imagePath":"","dateCreated":"2021-10-09 10:17:47.846","examDone":false,"boxNumber":0,"boxVisibleDate":"2022-01-26 18:49:17.464","lessonId":1},{"question":"- I'm coming down with the flu. I don't think I can come to work today, I'm ---------------.\n\n (کامل کنید (سه کلمه","orderIndex":9,"questionVoicePath":"/data/user/0/com.example.leitner/app_flutter/1d7ba25d-3d0d-45e9-a180-089f56b4ed11.mp3","ratio":1.2,"reply":"calling in sick","replyVoicePath":"/data/user/0/com.example.leitner/app_flutter/5424c01e-faac-497d-806b-970f760a99ef.mp3","description":"This expression is used for when you are not feeling well, and you have to call to inform your boss that you won't go to work that day.","descriptionVoicePath":"/data/user/0/com.example.leitner/app_flutter/d71ae7a0-195c-415f-8d06-e0216711a09a.mp3","imagePath":"","dateCreated":"2021-10-08 19:31:53.002","examDone":false,"boxNumber":0,"boxVisibleDate":"2022-01-26 18:49:17.474","lessonId":1},{"question":"- I'm very tired today today, I think I'm going to --------------.\n\nکامل کنید: امروز کار نکنم","orderIndex":10,"questionVoicePath":"/data/user/0/com.example.leitner/app_flutter/efa79464-3057-4a43-8d19-b49333e2d230.mp3","ratio":1.2,"reply":" take the day off","replyVoicePath":"/data/user/0/com.example.leitner/app_flutter/5cf4c1a3-90e3-48ce-a4fa-fd6869103d49.mp3","description":"To take the day off is to not go to work on that day.\n\nYou may also take the week off or even take the month off.","descriptionVoicePath":"/data/user/0/com.example.leitner/app_flutter/e63cd013-43b7-46d1-936f-0132730a6b25.mp3","imagePath":"","dateCreated":"2021-10-08 19:39:13.954","examDone":false,"boxNumber":0,"boxVisibleDate":"2022-01-26 18:49:17.483","lessonId":1}]},{"title":"Hotel Upgrade","orderIndex":3,"imagePath":null,"storyTitle":"Hotel Upgrade","storyDesc":"- Good afternoon, what can I do for you?\n+ I'd like to check in please. I have a reservation under the name Anthony Roberts.\n- Alright! Roberts ... oh! Mr Roberts, we've been expecting you, and here is your key card to the presidential suite.\n+ But there must be some mistake, my reservation was for a standard room.\n- Are you sure? Let me double check.\n+ yeah! Here, this is my confirmation number.\n- You're right Mr Roberts! There seems to be a mix-up. Unfortunately, we are overbooked at the moment.\n+ So... .\n- Not to worry. We're pleased to offer you a complimentary upgrade.\n+ Woohoo! Presidential suite baby!\n","storyImagePath":null,"storyVoicePathOne":"/data/user/0/com.example.leitner/app_flutter/dd38cc84-4b9d-44ad-b824-f5d5aea7b866.mp3","storyVoicePathTwo":"/data/user/0/com.example.leitner/app_flutter/a02dcd90-6dff-4544-81ae-b7d7e09d9346.mp3","descriptionTitle":"Hotel Upgrade","descriptionDesc":"- Good afternoon, what can I do for you?\n+ I'd like to check in please. I have a reservation under the name Anthony Roberts.\n- Alright! Roberts ... oh! Mr Roberts, we've been  expecting you, and here is your key card to the presidential suite.\n+ But there must be some mistake my reservation was for a standard room.\n- Are you sure? Let me double check.\n+ yeah! Here, this is my confirmation number.\n- You're right Mr Roberts! There seems to be a mix-up. Unfortunately, we are overbooked at the moment.\n+ So... .\n- Not to worry. We're pleased to offer you a complimentary upgrade.\n+ Woohoo! Presidential suite baby!\n","descriptionImagePath":null,"descriptionVoicePathOne":"/data/user/0/com.example.leitner/app_flutter/4abe8fe6-7e15-464d-a0ca-a29b7e8d3ee0.mp3","descriptionVoicePathTwo":null,"subGroupId":1,"cards":[{"question":"- Do you have a reservation ---------?\n\nکامل کنید: به نام من","orderIndex":1,"questionVoicePath":"/data/user/0/com.example.leitner/app_flutter/41326310-82a0-4ddb-915b-ebb4245103a0.mp3","ratio":1.2,"reply":"under my name","replyVoicePath":"/data/user/0/com.example.leitner/app_flutter/35ada9df-6009-48c7-9f66-67ca8a453409.mp3","description":"When you make a reservation at a restaurant or hotel, they usually ask for your name, so that they know who to expect.\n\nFor example:\n\n- My secretary made a reservation under my name.\n+ I'm sorry sir, we don't have a reservation under that name. \n- Do you have a reservation under the name Smith?","descriptionVoicePath":"/data/user/0/com.example.leitner/app_flutter/d28933f2-e976-4e61-bcb4-e885ac66acac.mp3","imagePath":"","dateCreated":"2021-10-09 10:49:34.926","examDone":false,"boxNumber":0,"boxVisibleDate":"2022-01-26 18:49:17.574","lessonId":2},{"question":"- I'm so sorry there has been a terrible -------. We have given you the wrong baby.\n\n\nکامل کنید. (کلمه دو بخشی)","orderIndex":2,"questionVoicePath":"/data/user/0/com.example.leitner/app_flutter/56317e26-c195-4e93-a65a-ddacc86368ed.mp3","ratio":1.2,"reply":"mix-up","replyVoicePath":"/data/user/0/com.example.leitner/app_flutter/6e3370ed-ca4b-4132-852d-2f949c89e28e.mp3","description":"A mix-up is a confusion or a misunderstanding.\n\nPay attention to this example.\n\n- There was a mix-up and my bags were sent to Antarctica.","descriptionVoicePath":"/data/user/0/com.example.leitner/app_flutter/f5a20d17-d107-4479-8805-6f3451ab0457.mp3","imagePath":"","dateCreated":"2021-10-09 10:54:09.869","examDone":false,"boxNumber":0,"boxVisibleDate":"2022-01-26 18:49:17.584","lessonId":2},{"question":"- Do you have a table for two?\n+ No, I'm sorry it's a busy day we are ---------.\n\n\n(more than full)  کامل کنید","orderIndex":3,"questionVoicePath":"/data/user/0/com.example.leitner/app_flutter/a0213bc7-410d-46f2-bc71-2390e65e60d2.mp3","ratio":1.2,"reply":"overbooked","replyVoicePath":"/data/user/0/com.example.leitner/app_flutter/adbdb04c-8cc9-4ff2-9414-4cc0c49a43d3.mp3","description":"Overbooked means full or more than full.\n\nFor example, when there are so many people in a restaurant or a hotel that they cannot accept any more people, they are overbooked.\nA bus or a train can also be overbooked.\n","descriptionVoicePath":"/data/user/0/com.example.leitner/app_flutter/42995720-8601-4462-923d-fea486418db0.mp3","imagePath":"","dateCreated":"2021-10-09 11:01:06.260","examDone":false,"boxNumber":0,"boxVisibleDate":"2022-01-26 18:49:17.591","lessonId":2},{"question":"I had an economy class ticket for my flight but they were overbooked for some reason and they moved me to first class.\n\nWhat is this situation called?","orderIndex":4,"questionVoicePath":"/data/user/0/com.example.leitner/app_flutter/660ad88f-1569-4dc5-8d3d-6ba8e9b9a678.mp3","ratio":1.2,"reply":"a complimentary upgrade","replyVoicePath":"/data/user/0/com.example.leitner/app_flutter/5f5c78d4-6cc6-4416-869a-ad3803700d53.mp3","description":"A complimentary upgrade is when a an airline or a hotel offers you a better opportunity or service for a cheaper price because they are overbooked.\n\n","descriptionVoicePath":"/data/user/0/com.example.leitner/app_flutter/af032ae2-563c-4896-8678-1735ab88552e.mp3","imagePath":"","dateCreated":"2021-10-09 11:11:37.162","examDone":false,"boxNumber":0,"boxVisibleDate":"2022-01-26 18:49:17.602","lessonId":2}]},{"title":"I need an assistant","orderIndex":4,"imagePath":null,"storyTitle":"I need an assistant","storyDesc":"- Like I told you before, we just don't have the resources to hire you an assistant.\n+ I understand that, but the fact is we are understaffed.\n- The timing is just not right, the economy is bad, and it's too risky to take on new staff.\n+ Yeah, I guess you're right. Here is an idea, what if we hire an intern? She would take some of the weight off my shoulders.\n- She?\n+ Yeah! You know, a recent graduate. She could give me a hand with some of these projects and we could keep our costs down.\n- That sounds reasonable, let me see what I can do.\n\n\n\n- Tony, I'd like to introduce you to your new assistant.\n+ Ok! Great! Let's meet her!\n× Hi! I'm Adam.\n+ Oh! Hi! I'm Tony.","storyImagePath":null,"storyVoicePathOne":"/data/user/0/com.example.leitner/app_flutter/93f0217f-8738-42da-a14c-6a1a7bf26ecb.mp3","storyVoicePathTwo":"/data/user/0/com.example.leitner/app_flutter/d7db367b-7de1-403a-8c20-989ae4fee0a1.mp3","descriptionTitle":"I need an assistant","descriptionDesc":"- Like I told you before, we just don't have the resources to hire you an assistant.\n+ I understand that, but the fact is we are understaffed.\n- The timing is just not right, the economy is bad, and it's too risky to take on new staff.\n+ Yeah, I guess you're right. Here is an idea, what if we hire an intern? She would take some of the weight off my shoulders.\n- She?\n+ Yeah! You know, a recent graduate. She could give me a hand with some of these projects and we could keep our costs down.\n- That sounds reasonable, let me see what I can do.\n\n\n\n- Tony, I'd like to introduce you to your new assistant.\n+ Ok! Great! Let's meet her!\n× Hi! I'm Adam.\n+ Oh! Hi! I'm Tony.","descriptionImagePath":null,"descriptionVoicePathOne":"/data/user/0/com.example.leitner/app_flutter/18d2a522-1c84-4f3c-8eb8-bb745ace01c0.mp3","descriptionVoicePathTwo":"/data/user/0/com.example.leitner/app_flutter/2720e23f-623f-4811-99dc-a4a154cb6e9f.mp3","subGroupId":1,"cards":[{"question":"- I have a lot of projects to do. I think I should hire an ---------------.\n\n\nکامل کنید: دستیار","orderIndex":1,"questionVoicePath":"/data/user/0/com.example.leitner/app_flutter/f50e8408-f488-4730-9834-9ef9baa93f8d.mp3","ratio":1.2,"reply":"assistant ","replyVoicePath":"/data/user/0/com.example.leitner/app_flutter/e7161167-a3e9-4ef0-ba78-615082c5732c.mp3","description":"An assistant is someone who helps you.","descriptionVoicePath":"/data/user/0/com.example.leitner/app_flutter/dde53c3e-7784-4989-8972-1c579cb7ff1e.mp3","imagePath":"","dateCreated":"2021-10-09 13:16:23.024","examDone":false,"boxNumber":0,"boxVisibleDate":"2022-01-26 18:49:17.654","lessonId":3},{"question":"- We don't have enough ------------ to hire a new assistant.\n\n(کامل کنید (پول","orderIndex":2,"questionVoicePath":"/data/user/0/com.example.leitner/app_flutter/7f850d18-8a03-4269-a5c6-87610c80fb87.mp3","ratio":1.2,"reply":"resources","replyVoicePath":"/data/user/0/com.example.leitner/app_flutter/c75c043d-ea39-4409-9269-10fae1e7059c.mp3","description":"In this context resources means money.","descriptionVoicePath":"/data/user/0/com.example.leitner/app_flutter/56c447a3-42ac-40ae-803e-150b35863dfe.mp3","imagePath":"","dateCreated":"2021-10-09 13:18:57.173","examDone":false,"boxNumber":0,"boxVisibleDate":"2022-01-26 18:49:17.664","lessonId":3},{"question":"- We only have 3 employees in this section, we are ---------.\n\n\nکامل کنید. (یک کلمه - کارمند کافی نداریم)","orderIndex":3,"questionVoicePath":"/data/user/0/com.example.leitner/app_flutter/f6ba505d-7656-45e7-aacc-70cc8726d4a4.mp3","ratio":1.2,"reply":"understaffed ","replyVoicePath":"/data/user/0/com.example.leitner/app_flutter/c011fc1d-732b-42b0-a1f2-a272acb362b1.mp3","description":"We are understaffed means that we don't have enough workers. ","descriptionVoicePath":"/data/user/0/com.example.leitner/app_flutter/340533f9-a27e-4259-8fa3-a88f02bf29dd.mp3","imagePath":"","dateCreated":"2021-10-09 13:21:52.489","examDone":false,"boxNumber":0,"boxVisibleDate":"2022-01-26 18:49:17.675","lessonId":3},{"question":"- Honey I think we should have a baby. \n+ ----------------------.\n\n\nکامل کنید (الان زمان مناسبی نیست - ۶ کلمه)","orderIndex":4,"questionVoicePath":"/data/user/0/com.example.leitner/app_flutter/b5bd0454-10ea-4763-8d5c-28bfcdb67bf3.mp3","ratio":1.2,"reply":"the timing is just not right","replyVoicePath":"/data/user/0/com.example.leitner/app_flutter/ff4e72fa-6290-454c-b6c1-8e8295b3c5ef.mp3","description":"The timing is just not right means that it's not the right time. \n\nFor example:\n\n- I was going to sell my house but the timing is just not right. ","descriptionVoicePath":"/data/user/0/com.example.leitner/app_flutter/0a4add0e-2141-4390-aab7-604051b763af.mp3","imagePath":"","dateCreated":"2021-10-09 13:23:07.636","examDone":false,"boxNumber":0,"boxVisibleDate":"2022-01-26 18:49:17.683","lessonId":3},{"question":"- I need an assistant who can take some of the ------------------------------.\n\n\nکامل کنید: باری رو از رو دوشم برداره. ","orderIndex":5,"questionVoicePath":"/data/user/0/com.example.leitner/app_flutter/7c3f1605-cfbf-48ae-a688-7e1ca079f463.mp3","ratio":1.2,"reply":"weight off my shoulders ","replyVoicePath":"/data/user/0/com.example.leitner/app_flutter/d9364825-eb74-4435-a506-f86e2a9c839f.mp3","description":"To take a weight off one's shoulder means to help them out or to do some of the work for them. \n","descriptionVoicePath":"/data/user/0/com.example.leitner/app_flutter/99671a87-4e00-48a0-9826-3beca1fca31c.mp3","imagePath":"","dateCreated":"2021-10-09 13:24:40.238","examDone":false,"boxNumber":0,"boxVisibleDate":"2022-01-26 18:49:17.693","lessonId":3},{"question":"- Can you please ----------------- with these boxes.\n\n\nکامل کنید (کمکم کنید - ۴ کلمه)","orderIndex":6,"questionVoicePath":"/data/user/0/com.example.leitner/app_flutter/061d5315-c6ed-4f8f-9e40-0f707994c97f.mp3","ratio":1.2,"reply":"give me a hand","replyVoicePath":"/data/user/0/com.example.leitner/app_flutter/f3844d40-fb80-4f91-b3a6-e768fa0e7a9c.mp3","description":"Give me a hand means help me. \n\nFor example: \n\n- Let me give you a hand with your suitcase. ","descriptionVoicePath":"/data/user/0/com.example.leitner/app_flutter/e760efa5-bf50-4430-902e-d69dea43f29f.mp3","imagePath":"","dateCreated":"2021-10-09 13:26:40.060","examDone":false,"boxNumber":0,"boxVisibleDate":"2022-01-26 18:49:17.701","lessonId":3},{"question":"- I lost my job. We need to ------------------ this month. \n\n\nکامل کنید: صرفه جویی کنیم/هزینه ها را پایین نگه داریم.","orderIndex":7,"questionVoicePath":"/data/user/0/com.example.leitner/app_flutter/4b4610cb-f29d-46fc-a08a-291b67bf9e52.mp3","ratio":1.2,"reply":"keep our costs down ","replyVoicePath":"/data/user/0/com.example.leitner/app_flutter/c1c5ddca-9fef-4433-a366-6d95b012023f.mp3","description":"To keep the costs down is to try not to spend much money. \nIf you want to keep your costs down you should eliminate unnecessary expenses. ","descriptionVoicePath":"/data/user/0/com.example.leitner/app_flutter/f8879718-89d7-4fa1-bcef-594735a9f8f2.mp3","imagePath":"","dateCreated":"2021-10-09 13:29:43.240","examDone":false,"boxNumber":0,"boxVisibleDate":"2022-01-26 18:49:17.711","lessonId":3},{"question":"- I don't have enough experience for this job. I should work as an --------- first.\n\n\nکامل کنید: کارآموز","orderIndex":8,"questionVoicePath":"/data/user/0/com.example.leitner/app_flutter/00d8ac56-2f5a-40c8-a764-ca54cfae0320.mp3","ratio":1.2,"reply":"intern","replyVoicePath":"/data/user/0/com.example.leitner/app_flutter/3d78af3b-4edd-4b98-940f-9178de62c510.mp3","description":"An intern is a person who works for a company with a low salary or no salary at all to gain experience and learn about the job. \n\nSometimes, if an intern performs well, the company hires them as an employee. ","descriptionVoicePath":"/data/user/0/com.example.leitner/app_flutter/ba5e52ff-b5dc-4aaf-bdf8-ee426281487d.mp3","imagePath":"","dateCreated":"2021-10-09 13:31:53.129","examDone":false,"boxNumber":0,"boxVisibleDate":"2022-01-26 18:49:17.721","lessonId":3}]},{"title":"Cut In Line","orderIndex":5,"imagePath":null,"storyTitle":"Cut In Line","storyDesc":"- I can't believe it took us 2 hours to get here. The traffic in New York is unbelievable!\n+ Yeah, but just relax honey. We're here, we're going on vacation. In a few hours we'll be in Hawaii and you'll be on the golf course.\n- I don't know... look at that line. It must be a mile long! There is no way I'm waiting for another 2 hours! \n+ Honey, don't!\n× hey man, the end of the line is over there.\n- Yeah... .\n× No, seriously! I was here first, and you can't cut in line like this.\n- Says who?\n× I do \n- So sue me!\n× Alright, that's it!","storyImagePath":null,"storyVoicePathOne":"/data/user/0/com.example.leitner/app_flutter/e12a309f-5fd9-4295-acb3-edb5f4c74993.mp3","storyVoicePathTwo":"/data/user/0/com.example.leitner/app_flutter/4ee63e3e-6bbb-42f3-9877-c27708630f3c.mp3","descriptionTitle":"Cut In Line","descriptionDesc":"- I can't believe it took us 2 hours to get here. The traffic in New York is unbelievable!\n+ Yeah, but just relax honey. We're here, we're going on vacation. In a few hours we'll be in Hawaii and you'll be on the golf course.\n- I don't know... look at that line. It must be a mile long! There is no way I'm waiting for another 2 hours! \n+ Honey, don't!\n× hey man, the end of the line is over there.\n- Yeah... .\n× No, seriously! I was here first, and you can't cut in line like this.\n- Says who?\n× I do \n- So sue me!\n× Alright, that's it!","descriptionImagePath":null,"descriptionVoicePathOne":"/data/user/0/com.example.leitner/app_flutter/5a9e7228-214e-4609-b56d-b25b67c77931.mp3","descriptionVoicePathTwo":null,"subGroupId":1,"cards":[{"question":"- I'm so late. Can I please ---------------- ?\n\n\nکامل کنید: (خارج از نوبت توی صف بایستم)","orderIndex":1,"questionVoicePath":"/data/user/0/com.example.leitner/app_flutter/7c75a20a-12a2-48f5-9c73-2f6d5c8792cd.mp3","ratio":1.2,"reply":"cut in line","replyVoicePath":"/data/user/0/com.example.leitner/app_flutter/3177bfd1-fc5c-40e1-8d46-fa939dc96bc6.mp3","description":"When you're waiting in a line and someone comes and stands in front of you they are cutting in line.\n\nPay attention to these examples:\n\n- I hate it when people cut in line in the bank. It's so rude!\n+ I think it's OK when pregnant women cut in line.","descriptionVoicePath":"/data/user/0/com.example.leitner/app_flutter/03861f08-4798-49f2-8c4d-47d09930bf3a.mp3","imagePath":"","dateCreated":"2021-10-09 16:04:30.113","examDone":false,"boxNumber":0,"boxVisibleDate":"2022-01-26 18:49:17.782","lessonId":4},{"question":"- Ugh! We won't get there on time, the traffic is --------------. \n\n\nکامل کنید: باور نکردنی","orderIndex":2,"questionVoicePath":"/data/user/0/com.example.leitner/app_flutter/5ea35fae-fb52-4c70-a9bb-078db96e0aae.mp3","ratio":1.2,"reply":"unbelievable ","replyVoicePath":"/data/user/0/com.example.leitner/app_flutter/7cac465a-08c4-4175-8c9d-9bca2c4e9f4a.mp3","description":"Unbelievable means incredible or amazing. However, in this context it is used to show one's frustration from traffic. \n\n","descriptionVoicePath":"/data/user/0/com.example.leitner/app_flutter/41fc51ab-b6b1-48f7-8dcf-b8d2db6b004c.mp3","imagePath":"","dateCreated":"2021-10-09 16:07:48.202","examDone":false,"boxNumber":0,"boxVisibleDate":"2022-01-26 18:49:17.792","lessonId":4},{"question":"-Where will you be tomorrow morning?\n- --------- in the office.\n\n\nکامل کنید: خواهم بود","orderIndex":3,"questionVoicePath":"/data/user/0/com.example.leitner/app_flutter/7a849881-2302-4acd-bc75-cd486f05f0bb.mp3","ratio":1.2,"reply":"I'll be\nor \nI will be","replyVoicePath":"/data/user/0/com.example.leitner/app_flutter/31e96db4-cc64-4e6f-b945-db158ad811f7.mp3","description":"I will be \nyou will be \nshe/he will be\nWe will be\nThey will be\n\nUsing will plus be is a great way to describe one's physical location in the future.\n\nFor example:\n\nIn a few hours, we'll be at the beach. ","descriptionVoicePath":"/data/user/0/com.example.leitner/app_flutter/2e637f8e-8433-4010-ba89-8992826bf6ba.mp3","imagePath":"","dateCreated":"2021-10-09 16:10:56.745","examDone":false,"boxNumber":0,"boxVisibleDate":"2022-01-26 18:49:17.804","lessonId":4},{"question":"- Look at this line! It must be ----------!\n\n\nکامل کنید (سه کلمه - کنایه از خیلی طولانی)","orderIndex":4,"questionVoicePath":"/data/user/0/com.example.leitner/app_flutter/8c231f42-2583-4bdc-b0b6-b9ee6dbd9f19.mp3","ratio":1.2,"reply":"A mile long ","replyVoicePath":"/data/user/0/com.example.leitner/app_flutter/56591f94-9b28-4e0c-a832-a16b9a81cd76.mp3","description":"When someone uses the expression \"A mile long\" to describe something that is obviously shorter than a mile, they are exaggerating.\nIt is a mile long means that it is very long.","descriptionVoicePath":"/data/user/0/com.example.leitner/app_flutter/76f39ce6-99cc-419f-8bb9-5bbca7891074.mp3","imagePath":"","dateCreated":"2021-10-09 16:14:05.324","examDone":false,"boxNumber":0,"boxVisibleDate":"2022-01-26 18:49:17.815","lessonId":4},{"question":"- The stadium is so crowded! ---------------------- we'll find a seat.\n\n\nکامل کنید: غیر ممکنه (۴ کلمه)","orderIndex":5,"questionVoicePath":"/data/user/0/com.example.leitner/app_flutter/23135abe-cb4d-4dd5-923f-138d248add6a.mp3","ratio":1.2,"reply":"there's no way ","replyVoicePath":"/data/user/0/com.example.leitner/app_flutter/3f3c482f-28eb-4572-991d-1c0db546fe39.mp3","description":"There's no way means that it's impossible. \n\nPay attention to these examples:\n\n- There's no way I can have those reports finished today.\n\n- Do you think Mike is going to buy that house?\n+ There's no way he has the money.\n","descriptionVoicePath":"/data/user/0/com.example.leitner/app_flutter/84c38079-76de-4b7d-bb35-3cecb0d4fe9c.mp3","imagePath":"","dateCreated":"2021-10-09 16:16:24.028","examDone":false,"boxNumber":0,"boxVisibleDate":"2022-01-26 18:49:17.823","lessonId":4},{"question":"How do you say \"cut in line\" in British accent?\n","orderIndex":7,"questionVoicePath":"/data/user/0/com.example.leitner/app_flutter/4ec87f1c-e7f3-4af6-8802-359d97bc03a1.mp3","ratio":1.2,"reply":"Jump the queue","replyVoicePath":"/data/user/0/com.example.leitner/app_flutter/700a2b3a-e3a5-48c2-b724-43a4762e890d.mp3","description":"To jump the queue means to cut in line.","descriptionVoicePath":"/data/user/0/com.example.leitner/app_flutter/b494f4ad-e8f9-43fc-a0cd-8a34c44059da.mp3","imagePath":"","dateCreated":"2021-10-10 10:17:25.261","examDone":false,"boxNumber":0,"boxVisibleDate":"2022-01-26 18:49:17.833","lessonId":4},{"question":"- Hey! You can't cut the line like this? \n+ Well, I am. -----------.\n\nکامل کنید: ازم شکایت کن","orderIndex":6,"questionVoicePath":"/data/user/0/com.example.leitner/app_flutter/4dcd205d-c6f4-4667-85a5-32f708a5698f.mp3","ratio":1.2,"reply":"sue me","replyVoicePath":"/data/user/0/com.example.leitner/app_flutter/fa44a618-8838-45a5-9409-c64acd2b6520.mp3","description":"The literal meaning of sue me is to take me to court, but it is mostly used sarcastically. It is a rude expression to say that no one can stop you from doing what you want.","descriptionVoicePath":"/data/user/0/com.example.leitner/app_flutter/8a1136fe-d2df-4386-ae45-c8a975711d2b.mp3","imagePath":"","dateCreated":"2021-10-10 20:45:37.727","examDone":false,"boxNumber":0,"boxVisibleDate":"2022-01-26 18:49:17.841","lessonId":4}]},{"title":"Road Trip","orderIndex":6,"imagePath":null,"storyTitle":"Road Trip","storyDesc":"-So, are we all ready to go?\n+ Yup! I think so, the car is packed, we have munchies and music, and the map's in the car.\n- Did you get the camera?\n+ Got it. Did you fill up the tank?\n- Yup, it's all set! \n+ You're sure we're not forgetting anything?\n- I'm sure. We've got all our bases covered.\n+ Well, let's get going then. I love road trips.\n\n- Do you think we can make a pit stop? \n+ But we've only been on the road for 10 minutes.\n- I know, but I forgot to go to the bathroom before we left.","storyImagePath":null,"storyVoicePathOne":"/data/user/0/com.example.leitner/app_flutter/f2970a85-2e57-428f-afb4-5e023e42cb7d.mp3","storyVoicePathTwo":"/data/user/0/com.example.leitner/app_flutter/7f92c3cd-fc28-44ea-94bb-a282322f3cdb.mp3","descriptionTitle":"Road Trip","descriptionDesc":"-So, are we all ready to go?\n+ Yup! I think so, the car is packed, we have munchies and music, and the map's in the car.\n- Did you get the camera?\n+ Got it. Did you fill up the tank?\n- Yup, it's all set! \n+ You're sure we're not forgetting anything?\n- I'm sure. We've got all our bases covered.\n+ Well, let's get going then. I love road trips.\n\n- Do you think we can make a pit stop? \n+ But we've only been on the road for 10 minutes.\n- I know, but I forgot to go to the bathroom before we left.","descriptionImagePath":null,"descriptionVoicePathOne":"/data/user/0/com.example.leitner/app_flutter/f88f5c67-67bd-43ab-b263-21f104acd48a.mp3","descriptionVoicePathTwo":null,"subGroupId":1,"cards":[{"question":"- Did you buy airplane tickets for your trip?\n+ No I prefer to drive. I love ----------.\n\n\nکامل کنید: سفرهای جاده ای.","orderIndex":1,"questionVoicePath":"/data/user/0/com.example.leitner/app_flutter/824296b3-d943-4d17-9ffa-d226ccfce701.mp3","ratio":1.2,"reply":"Road trips ","replyVoicePath":"/data/user/0/com.example.leitner/app_flutter/729a06f0-a5ea-4ade-bce3-8aa573b88809.mp3","description":"A road trip is a journey made by car.\n","descriptionVoicePath":"/data/user/0/com.example.leitner/app_flutter/a2507b51-f632-4677-a758-c50c4f791ad0.mp3","imagePath":"","dateCreated":"2021-10-09 16:28:20.157","examDone":false,"boxNumber":0,"boxVisibleDate":"2022-01-26 18:49:17.897","lessonId":5},{"question":"- Did you put the bags in the car?\n+ Yes, ---------------------.\n\nکامل کنید. (۴ کلمه - همه وسایل مورد نیاز توی ماشینه)","orderIndex":2,"questionVoicePath":"/data/user/0/com.example.leitner/app_flutter/2c144cca-f2dd-4c8f-a61f-4bbc453b5fed.mp3","ratio":1.2,"reply":"the car is packed","replyVoicePath":"/data/user/0/com.example.leitner/app_flutter/3cfbba69-108f-4153-a7aa-22ca849ff17f.mp3","description":"When everything you need (the bags, food, etc.) is inside the car, the car is packed. \n\n","descriptionVoicePath":"/data/user/0/com.example.leitner/app_flutter/7c1559ef-68d6-4ef9-b55b-cd3dfdff379a.mp3","imagePath":"","dateCreated":"2021-10-09 16:30:50.177","examDone":false,"boxNumber":0,"boxVisibleDate":"2022-01-26 18:49:17.908","lessonId":5},{"question":"- I've bought some snacks that we can eat on the way.\n\nدر جمله بالا چه کلمه ای می تواند جایگزین \nsnacks \nشود","orderIndex":3,"questionVoicePath":"/data/user/0/com.example.leitner/app_flutter/13561626-a7cd-439b-b39f-67d154872fee.mp3","ratio":1.2,"reply":"munchies ","replyVoicePath":"/data/user/0/com.example.leitner/app_flutter/398d4b4c-b1b6-4b53-8a03-ad9d0f2aa4c1.mp3","description":"Munchies means snacks or food like chips, cookies, etc. ","descriptionVoicePath":"/data/user/0/com.example.leitner/app_flutter/e290f2e5-5fc0-4126-a215-a5017e4387a9.mp3","imagePath":"","dateCreated":"2021-10-09 16:32:18.758","examDone":false,"boxNumber":0,"boxVisibleDate":"2022-01-26 18:49:17.920","lessonId":5},{"question":"- It's going to be a long road trip, I must ---------------------.\n\nکامل کنید: باک بنزین رو پر کنم","orderIndex":4,"questionVoicePath":"/data/user/0/com.example.leitner/app_flutter/4972efe1-878c-4222-8306-a75ab9918d39.mp3","ratio":1.2,"reply":"fill up the tank","replyVoicePath":"/data/user/0/com.example.leitner/app_flutter/aad07c4d-d503-4bd9-8d0c-5c084c21f5d2.mp3","description":"To fill up the tank means to put gas in the car.","descriptionVoicePath":"/data/user/0/com.example.leitner/app_flutter/53593fe9-4d7a-4048-a873-54d8cd17fa60.mp3","imagePath":"","dateCreated":"2021-10-09 16:34:00.067","examDone":false,"boxNumber":0,"boxVisibleDate":"2022-01-26 18:49:17.928","lessonId":5},{"question":"- We are running out of gas, we have to make a --------- soon.\n\nکامل کنید: توقف کوتاه","orderIndex":5,"questionVoicePath":"/data/user/0/com.example.leitner/app_flutter/605ff86f-1e37-4186-8079-ed4775eed44d.mp3","ratio":1.2,"reply":"pit stop","replyVoicePath":"/data/user/0/com.example.leitner/app_flutter/165e2cac-d7bf-43cc-b705-f4a4a3877542.mp3","description":"A pit stop is a quick stop to buy food or gas.","descriptionVoicePath":"/data/user/0/com.example.leitner/app_flutter/1618841c-9177-475c-a7e1-1c0acb16a0b5.mp3","imagePath":"","dateCreated":"2021-10-09 16:35:09.182","examDone":false,"boxNumber":0,"boxVisibleDate":"2022-01-26 18:49:17.939","lessonId":5},{"question":"- I've got my keys, passport, and my wallet, it looks like ---------------------------------.\n\nکامل کنید: هر چیزی که نیاز داشتم برداشتم (۷ کلمه)","orderIndex":6,"questionVoicePath":"/data/user/0/com.example.leitner/app_flutter/8d30b17e-a112-49fe-adbc-cfc6c0bbec4b.mp3","ratio":1.2,"reply":"I've got all my bases covered","replyVoicePath":"/data/user/0/com.example.leitner/app_flutter/4b0a0559-cb6c-407e-9040-db8c132fc100.mp3","description":"I've got all my bases covered means that I have everything ready or I am all prepared.\n\nPay attention to this example:\n\n- We've got all our bases covered in case the hurricane hits.","descriptionVoicePath":"/data/user/0/com.example.leitner/app_flutter/1137ccf4-a61b-4bde-b5e3-87be243e7b64.mp3","imagePath":"","dateCreated":"2021-10-09 16:41:52.308","examDone":false,"boxNumber":0,"boxVisibleDate":"2022-01-26 18:49:17.946","lessonId":5},{"question":"- I have the chicken prepared, ------------------.\n\n\nکامل کنید: بیا آشپزی رو شروع کنیم \n(cook)","orderIndex":7,"questionVoicePath":"/data/user/0/com.example.leitner/app_flutter/f47f9404-e82b-4e22-8b9a-9eaf78dc6010.mp3","ratio":1.2,"reply":"let's get cooking","replyVoicePath":"/data/user/0/com.example.leitner/app_flutter/1180de6b-d794-4d6d-8f77-b14c5cc5ac17.mp3","description":"Let's get cooking means let's start cooking.\nThis expression originates from the expression let's get going, which means let's start or let's go.\n\nWith some small changes, this expression can have various meanings.","descriptionVoicePath":"/data/user/0/com.example.leitner/app_flutter/b6001337-b306-46a3-8d39-33ebb452ebdc.mp3","imagePath":"","dateCreated":"2021-10-09 16:44:33.522","examDone":false,"boxNumber":0,"boxVisibleDate":"2022-01-26 18:49:17.957","lessonId":5},{"question":"- I have a meeting after this, ------------------.\n\n\nکامل کنید: بیا کار رو شروع کنیم (6 کلمه)","orderIndex":8,"questionVoicePath":"/data/user/0/com.example.leitner/app_flutter/93d027aa-7f00-4c39-9056-fef15eff1421.mp3","ratio":1.2,"reply":"let's get down to business ","replyVoicePath":"/data/user/0/com.example.leitner/app_flutter/972ab0e4-db0e-46c1-a8ea-59b49c697089.mp3","description":"let's get down to business means let's start working. ","descriptionVoicePath":"/data/user/0/com.example.leitner/app_flutter/96d5e51d-82d0-46f5-9b14-ab821c19ecce.mp3","imagePath":"","dateCreated":"2021-10-09 16:46:09.245","examDone":false,"boxNumber":0,"boxVisibleDate":"2022-01-26 18:49:17.966","lessonId":5},{"question":"- This place is scary, ---------------.\n\n\nکامل کنید: بیا از اینجا بریم. (۶ کلمه)","orderIndex":9,"questionVoicePath":"/data/user/0/com.example.leitner/app_flutter/917d848d-1e5a-4e69-b5d4-21a3bfacb7d9.mp3","ratio":1.2,"reply":"let's get out of here ","replyVoicePath":"/data/user/0/com.example.leitner/app_flutter/7120349d-60eb-4f23-9a96-ffe1d0e92a16.mp3","description":"let's get out of here means let's go or let's leave.","descriptionVoicePath":"/data/user/0/com.example.leitner/app_flutter/fa3f02b9-ed90-4a18-8abc-27b57254d2be.mp3","imagePath":"","dateCreated":"2021-10-09 16:48:11.208","examDone":false,"boxNumber":0,"boxVisibleDate":"2022-01-26 18:49:17.976","lessonId":5},{"question":"- Did you pack the car?\n+ Yes, it's ready.\n\nدر مکالمه بالا چه جمله ای می تواند جایگزین \nit's ready \nشود","orderIndex":10,"questionVoicePath":"/data/user/0/com.example.leitner/app_flutter/db88dd5e-7eb9-4b14-bde0-71b88112589f.mp3","ratio":1.2,"reply":"It's all set ","replyVoicePath":"/data/user/0/com.example.leitner/app_flutter/65945d9b-5f93-4013-9788-66c0c0702372.mp3","description":"It's all set means it's ready or it's prepared.","descriptionVoicePath":"/data/user/0/com.example.leitner/app_flutter/8c9d62b5-f5cc-4f54-8d49-c80a83cb271a.mp3","imagePath":"","dateCreated":"2021-10-09 16:50:43.068","examDone":false,"boxNumber":0,"boxVisibleDate":"2022-01-26 18:49:17.987","lessonId":5}]},{"title":"Virus","orderIndex":7,"imagePath":null,"storyTitle":"Virus","storyDesc":"- Oh great! The stupid computer froze again. That's the third time today.\n- Hey! Samuel, can you come take a look at my PC? It's acting up again, it must have a virus or something.\n+ Just give me a second, I'll be right up.\n\n+ I ran a virus scan on your computer and it turns out that you have a lot of infected files.\n- But I'm quite careful when I'm browsing the Internet. I have no idea how it could have picked up a virus.\n+ Well, you have to make sure that your anti-virus software is updated regularly. Yours wasn't up to date. That's probably what was causing your problems.\n- OK, anything else?\n+ Yeah, try not to kick or hit the computer. \n- Oh! Yeah, sorry about that.","storyImagePath":null,"storyVoicePathOne":"/data/user/0/com.example.leitner/app_flutter/9c872b2c-ade1-4a3a-8854-0ba0ac6c4424.mp3","storyVoicePathTwo":"/data/user/0/com.example.leitner/app_flutter/cd86067a-be14-4397-b0fc-df3d651943a8.mp3","descriptionTitle":"Virus","descriptionDesc":"- Oh great! The stupid computer froze again. That's the third time today.\n- Hey! Samuel, can you come take a look at my PC? It's acting up again, it must have a virus or something.\n+ Just give me a second, I'll be right up.\n\n+ I ran a virus scan on your computer and it turns out that you have a lot of infected files.\n- But I'm quite careful when I'm browsing the Internet. I have no idea how it could have picked up a virus.\n+ Well, you have to make sure that your anti-virus software is updated regularly. Yours wasn't up to date. That's probably what was causing your problems.\n- OK, anything else?\n+ Yeah, try not to hit or kick or hit the computer. - Oh! Yeah, sorry about that.","descriptionImagePath":null,"descriptionVoicePathOne":"/data/user/0/com.example.leitner/app_flutter/de1c8aab-9f9d-4ea9-b915-1e112db43daf.mp3","descriptionVoicePathTwo":null,"subGroupId":1,"cards":[{"question":"- My computer is not working properly, I think it might have a ----------.","orderIndex":1,"questionVoicePath":"/data/user/0/com.example.leitner/app_flutter/e279037c-4b01-44ef-a269-1e40099b9cae.mp3","ratio":1.2,"reply":"virus","replyVoicePath":"/data/user/0/com.example.leitner/app_flutter/0b592475-dbdc-47e4-a803-015c9d94d460.mp3","description":"A virus is a program designed to harm or damage the computer. ","descriptionVoicePath":"/data/user/0/com.example.leitner/app_flutter/cf12b32a-4533-4cc8-a11e-d47672c83140.mp3","imagePath":"","dateCreated":"2021-10-09 17:58:25.843","examDone":false,"boxNumber":0,"boxVisibleDate":"2022-01-26 18:49:18.059","lessonId":6},{"question":"- I need to fix my PC, I was working with it but it suddenly -----------.\n\nکامل کنید: کار نکرد (یک کلمه)","orderIndex":2,"questionVoicePath":"/data/user/0/com.example.leitner/app_flutter/6248efd8-f139-46cc-adac-c0255ab1aa7f.mp3","ratio":1.2,"reply":"froze","replyVoicePath":"/data/user/0/com.example.leitner/app_flutter/4def233a-e9a6-4844-a97b-3090fad39c26.mp3","description":"We say the computer froze when it suddenly stops working and its programs and applications don't run anymore. \n","descriptionVoicePath":"/data/user/0/com.example.leitner/app_flutter/c71c6923-1e90-4780-9c9c-008aeb4997d7.mp3","imagePath":"","dateCreated":"2021-10-09 18:02:11.172","examDone":false,"boxNumber":0,"boxVisibleDate":"2022-01-26 18:49:18.069","lessonId":6},{"question":"- No wonder your computer froze. You have a lot of ----------------.\n\n\nکامل کنید: فایل های آلوده به ویروس","orderIndex":3,"questionVoicePath":"/data/user/0/com.example.leitner/app_flutter/f57739ec-38b2-40f7-9263-b1a27f6023f2.mp3","ratio":1.2,"reply":"infected files","replyVoicePath":"/data/user/0/com.example.leitner/app_flutter/34e616c6-774a-4c6b-9f2b-b831c79b4faa.mp3","description":"An infected file is a file with a virus in it. ","descriptionVoicePath":"/data/user/0/com.example.leitner/app_flutter/60a7e274-26ce-44a3-9614-02169f27f8d8.mp3","imagePath":"","dateCreated":"2021-10-09 18:03:24.460","examDone":false,"boxNumber":0,"boxVisibleDate":"2022-01-26 18:49:18.077","lessonId":6},{"question":"- Your anti-virus program is not --------------.\n\n\nکامل کنید: بروز","orderIndex":4,"questionVoicePath":"/data/user/0/com.example.leitner/app_flutter/f9fd0de5-6300-435d-b178-708ac35802d8.mp3","ratio":1.2,"reply":"up-to-date ","replyVoicePath":"/data/user/0/com.example.leitner/app_flutter/931a61fe-8cc0-4486-82cd-01a5dd71fb7d.mp3","description":"When something is not up-to-date, it doesn't have all the most recent information. It's old. \n\nPay attention to these examples:\n\n- I can't find the street, are you sure this map is up-to-date?\n\n- I need to buy a new PC, mine is not up-to-date.\n\n- Sarah has just finished the report, all the data is up-to-date.\n\n- This map is new, it's up-to-date.","descriptionVoicePath":"/data/user/0/com.example.leitner/app_flutter/17e0e8d0-af11-4f2d-89dc-a388294baf3e.mp3","imagePath":"","dateCreated":"2021-10-09 18:05:54.180","examDone":false,"boxNumber":0,"boxVisibleDate":"2022-01-26 18:49:18.087","lessonId":6},{"question":"- Honey, dinner's ready, come downstairs.\n- ----------------.\n\nکامل کنید: الان میام پایین (۵ کلمه)","orderIndex":5,"questionVoicePath":"/data/user/0/com.example.leitner/app_flutter/0eb88eb1-27cd-4381-856a-63bce7f1b166.mp3","ratio":1.2,"reply":"I'll be right down ","replyVoicePath":"/data/user/0/com.example.leitner/app_flutter/c7f55059-eea1-4bb7-a609-9dc1cafd535a.mp3","description":"Pay attention to these examples:\n\n- Can you help me with my computer? It froze again.\n+ Sure, I'll be right there. \n\n- Hurry up I need to use the bathroom. \n+ I'll be right out. ","descriptionVoicePath":"/data/user/0/com.example.leitner/app_flutter/a4fd497e-e5d1-4ee7-89cf-1a7b2ee0e0ec.mp3","imagePath":"","dateCreated":"2021-10-09 18:08:49.609","examDone":false,"boxNumber":0,"boxVisibleDate":"2022-01-26 18:49:18.096","lessonId":6},{"question":"- I was feeling unwell recently. ----------------- I'm pregnant.\n\nکامل کنید: معلوم شد","orderIndex":6,"questionVoicePath":"/data/user/0/com.example.leitner/app_flutter/70e3e20b-d0f3-45a6-a073-3fded28a6157.mp3","ratio":1.2,"reply":"It turns out that","replyVoicePath":"/data/user/0/com.example.leitner/app_flutter/3b38cdc5-67e6-4924-9753-76251c41cadc.mp3","description":"Pay attention to this example:\n\n- Frank didn't come to work today and it turns out that he was sick. ","descriptionVoicePath":"/data/user/0/com.example.leitner/app_flutter/39264c3c-d8de-4276-b786-bbbf4aa2940b.mp3","imagePath":"","dateCreated":"2021-10-09 18:09:40.153","examDone":false,"boxNumber":0,"boxVisibleDate":"2022-01-26 18:49:18.105","lessonId":6},{"question":"- I really need to change my phone, it's been ------------- recently.\n\n\nکامل کنید: (۲ کلمه) (درست کار نمیکنه)","orderIndex":7,"questionVoicePath":"/data/user/0/com.example.leitner/app_flutter/60f0e608-55a0-4af6-a45f-114d6f4d9267.mp3","ratio":1.2,"reply":"acting up","replyVoicePath":"/data/user/0/com.example.leitner/app_flutter/faec0c8f-cc93-4dcd-9aa1-4203c4e01e50.mp3","description":"When something is acting up, it's acting strangely or not working properly. ","descriptionVoicePath":"/data/user/0/com.example.leitner/app_flutter/00394019-6485-4972-b52b-5c2f0e2cad9c.mp3","imagePath":"","dateCreated":"2021-10-09 18:14:01.127","examDone":false,"boxNumber":0,"boxVisibleDate":"2022-01-26 18:49:18.116","lessonId":6}]},{"title":"What's your name again?","orderIndex":8,"imagePath":null,"storyTitle":"What's your name again?","storyDesc":"A: Nick! How’s it going?\nB: Oh, hey...\nA: What are you doing in this neighbourhood? Do you live around here?\nB: Actually, my office is right around the corner.\nA: It was great to meet you last week at the conference. I really enjoyed our conversation about foreign investment.\nB: Yeah, yeah, it was really interesting. You know, I’m in a bit of a hurry, but here’s my card. We should definitely meet up again and continue our discussion.\nA: Sure, you still have my contact details, right?\nB: You know what, this is really embarrassing, but your name has just slipped my mind. Can you remind me?\nA: Sure, my name is Ana Ferris. Don’t worry about it; it happens to me all the time. I’m terrible with names too.","storyImagePath":null,"storyVoicePathOne":"/data/user/0/com.example.leitner/app_flutter/76c39769-4ff5-4004-9552-1463d3f80890.mp3","storyVoicePathTwo":"/data/user/0/com.example.leitner/app_flutter/e45e3dcf-73f5-45e3-993b-e680d178b3a8.mp3","descriptionTitle":"What's your name again?","descriptionDesc":"A: Nick! How’s it going?\nB: Oh, hey...\nA: What are you doing in this neighbourhood? Do you live around here?\nB: Actually, my office is right around the corner.\nA: It was great to meet you last week at the conference. I really enjoyed our conversation about foreign investment.\nB: Yeah, yeah, it was really interesting. You know, I’m in a bit of a hurry, but here’s my card. We should definitely meet up again and continue our discussion.\nA: Sure, you still have my contact details, right?\nB: You know what, this is really embarrassing, but your name has just slipped my mind. Can you remind me?\nA: Sure, my name is Ana Ferris. Don’t worry about it; it happens to me all the time. I’m terrible with names too.","descriptionImagePath":null,"descriptionVoicePathOne":"/data/user/0/com.example.leitner/app_flutter/e65a2d93-f0c5-4103-bfc5-b1c078ea969c.mp3","descriptionVoicePathTwo":null,"subGroupId":1,"cards":[{"question":"- Can you please drive faster? ------------------------------.\n\nکامل کنید: یکم عجله دارم. (۸ کلمه)","orderIndex":1,"questionVoicePath":"/data/user/0/com.example.leitner/app_flutter/5049792d-f9d3-4b4c-8086-c22e847c7bf5.mp3","ratio":1.2,"reply":"I'm in a bit of a hurry","replyVoicePath":"/data/user/0/com.example.leitner/app_flutter/6324aa4f-03fc-431a-9e18-fc9ea9158040.mp3","description":"I'm in a bit of a hurry means that I don't have time and I'm trying to move quickly.\n\nI'm in a hurry.\n\nPay attention to these examples:\n\n- I can't talk right now I'm in a bit of a hurry.\n\n- I'm in a bit of a hurry, so I'll check these files later.","descriptionVoicePath":"/data/user/0/com.example.leitner/app_flutter/170bf8ad-e2cd-4962-97c9-8ce0dddedbd8.mp3","imagePath":"","dateCreated":"2021-10-10 11:53:02.629","examDone":false,"boxNumber":0,"boxVisibleDate":"2022-01-26 18:49:18.214","lessonId":7},{"question":"- I would love to talk to you again? Can you give me your -----------?\n\n\nکامل کنید. (۲ کلمه) \n(email, phone number, name, etc.)","orderIndex":2,"questionVoicePath":"/data/user/0/com.example.leitner/app_flutter/16541606-8151-4e94-aea7-f696ccb749f6.mp3","ratio":1.2,"reply":"contact details","replyVoicePath":"/data/user/0/com.example.leitner/app_flutter/6c48bd98-42c3-4e10-acb6-c694498543df.mp3","description":"Contact details are the information you can find on a business card, like their name, phone number, email address, etc.\nIn other words, the information that helps people get in touch with you.","descriptionVoicePath":"/data/user/0/com.example.leitner/app_flutter/085c076d-deb4-409a-9e2f-86f629233e6f.mp3","imagePath":"","dateCreated":"2021-10-10 11:55:41.519","examDone":false,"boxNumber":0,"boxVisibleDate":"2022-01-26 18:49:18.222","lessonId":7},{"question":"- I'm so sorry I forgot to respond to your email, it completely -----------------.\n\n\nکامل کنید. (۳ کلمه)","orderIndex":3,"questionVoicePath":"/data/user/0/com.example.leitner/app_flutter/d0e5348e-20e6-41fa-90a5-1b7796884c8f.mp3","ratio":1.2,"reply":"slipped my mind ","replyVoicePath":"/data/user/0/com.example.leitner/app_flutter/939d9a60-f6ea-4d55-a0bd-911464290ee2.mp3","description":"Slipped my mind means I forgot. \n\nPay attention to these examples:\n\n- Do you know what day is today?\n+ Oh! it's your birthday! It completely slipped my mind.\n\n- Did you get milk?\n+ Oh no! It slipped my mind.","descriptionVoicePath":"/data/user/0/com.example.leitner/app_flutter/56cd5712-ed7e-4bdd-b21f-80c79b5a3925.mp3","imagePath":"","dateCreated":"2021-10-10 12:04:36.188","examDone":false,"boxNumber":0,"boxVisibleDate":"2022-01-26 18:49:18.930","lessonId":7},{"question":"- I need to take some cash, is there an ATM ---------------.\n\n\nکامل کنید: این اطراف","orderIndex":4,"questionVoicePath":"/data/user/0/com.example.leitner/app_flutter/420b294f-6e11-4864-9b6d-94bc70cec42e.mp3","ratio":1.2,"reply":"around here","replyVoicePath":"/data/user/0/com.example.leitner/app_flutter/de3f179e-e06f-4fbe-bc62-9dc48ed18ad1.mp3","description":"Around here means close by.\n\nYou can make new sentences by changing this phrase: \n- There's a supermarket right around the corner. (on the other street)\n\n- New York is a great city! I used to live around there. \n","descriptionVoicePath":"/data/user/0/com.example.leitner/app_flutter/d7b58fec-422c-44a7-9b2b-df16314b526f.mp3","imagePath":"","dateCreated":"2021-10-10 12:13:19.130","examDone":false,"boxNumber":0,"boxVisibleDate":"2022-01-26 18:49:18.947","lessonId":7},{"question":"- I can't even remember my own phone number, I'm ---------------- numbers.\n\nکامل کنید. (۲ کلمه)","orderIndex":5,"questionVoicePath":"/data/user/0/com.example.leitner/app_flutter/4f7e2534-03de-430b-aa90-ae5a640db62c.mp3","ratio":1.2,"reply":"terrible with ","replyVoicePath":"/data/user/0/com.example.leitner/app_flutter/99895e61-44be-4c37-abe0-86b3bdd42963.mp3","description":"When you're terrible with something, you're bad at it or you can't do it properly. \n\nPay attention to these examples:\n\n- I'm terrible with directions, I'm always getting lost.\n\n- I'm terrible with faces, I can never remember what people look like. \n","descriptionVoicePath":"/data/user/0/com.example.leitner/app_flutter/c5e634aa-77de-47f9-b53c-d372612d2501.mp3","imagePath":"","dateCreated":"2021-10-10 12:22:32.999","examDone":false,"boxNumber":0,"boxVisibleDate":"2022-01-26 18:49:18.955","lessonId":7},{"question":"- Oh hey! How are you?\n\n\nدر جمله بالا چه عبارتی می تواند جایگزین \nhow are you \nشود؟ (۴ کلمه)","orderIndex":6,"questionVoicePath":"/data/user/0/com.example.leitner/app_flutter/46ce168c-eccb-499b-b548-aa4e85775459.mp3","ratio":1.2,"reply":"how's it going ","replyVoicePath":"/data/user/0/com.example.leitner/app_flutter/e1ac0da2-a1e7-4474-9401-15645a6930c1.mp3","description":"\"How's it going\" is very similar to \"how are you\" or \"how are you doing\" but it's more natural and casual.","descriptionVoicePath":"/data/user/0/com.example.leitner/app_flutter/928ae761-c4ee-45e6-b3df-fec9cfe0857e.mp3","imagePath":"","dateCreated":"2021-10-10 12:24:08.882","examDone":false,"boxNumber":0,"boxVisibleDate":"2022-01-26 18:49:18.965","lessonId":7}]},{"title":"Silence please!","orderIndex":9,"imagePath":null,"storyTitle":"Silence please! ","storyDesc":"A: Those people in front of us are making so much noise. It’s so inconsiderate!\nB: Don’t worry about it; it’s not such a big deal.\nA: Oh... I can’t hear a thing! Excuse me, can you keep it down?\nC: Sure, sorry about that!\n\nA: Someone’s phone is ringing!\nB: Honey, I think it’s your phone. Did you forget to switch it off?\nA: Oh, no! You’re right. That’s so embarrassing!\nC: Do you mind keeping it down? I’m trying to watch a movie here!","storyImagePath":null,"storyVoicePathOne":"/data/user/0/com.example.leitner/app_flutter/add957cd-5284-4a6d-a626-af4f7e238b29.mp3","storyVoicePathTwo":"/data/user/0/com.example.leitner/app_flutter/6a3048e0-1f52-48e6-b616-e391d6ab9245.mp3","descriptionTitle":"Silence please! ","descriptionDesc":"A: Those people in front of us are making so much noise. It’s so inconsiderate!\nB: Don’t worry about it; it’s not such a big deal.\nA: Oh... I can’t hear a thing! Excuse me, can you keep it down?\nC: Sure, sorry about that!\n\nA: Someone’s phone is ringing!\nB: Honey, I think it’s your phone. Did you forget to switch it off?\nA: Oh, no! You’re right. That’s so embarrassing!\nC: Do you mind keeping it down? I’m trying to watch a movie here!","descriptionImagePath":null,"descriptionVoicePathOne":"/data/user/0/com.example.leitner/app_flutter/631666a6-4ece-49ed-b3fa-f5fc8a870a29.mp3","descriptionVoicePathTwo":null,"subGroupId":1,"cards":[{"question":"- This woman just cut in line, that is so ---------------.\n\n\nکامل کنید: بی ملاحضه (یک کلمه) ","orderIndex":1,"questionVoicePath":"/data/user/0/com.example.leitner/app_flutter/318d8796-c65c-4f03-aa34-cf4bc853c7bb.mp3","ratio":1.2,"reply":"inconsiderate ","replyVoicePath":"/data/user/0/com.example.leitner/app_flutter/3ff144ff-627c-4c88-92c7-d7587b35eb1d.mp3","description":"If someone is inconsiderate, they are not thinking about the feelings of other people. \n\nFor example, if the subway is crowded and there's an old man standing and no one's offering their seat to him, that is inconsiderate. ","descriptionVoicePath":"/data/user/0/com.example.leitner/app_flutter/ae684ab1-c369-4ff5-a048-d8a2f04fdb82.mp3","imagePath":"","dateCreated":"2021-10-10 12:28:57.620","examDone":false,"boxNumber":0,"boxVisibleDate":"2022-01-26 18:49:19.086","lessonId":8},{"question":"- I'm trying to study here, do you mind ------------------?\n\nکامل کنید: ساکت باشید. (۳ کلمه)","orderIndex":2,"questionVoicePath":"/data/user/0/com.example.leitner/app_flutter/2a2a7ccb-565f-4116-8a66-0ec7c50d456f.mp3","ratio":1.2,"reply":"keeping it down ","replyVoicePath":"/data/user/0/com.example.leitner/app_flutter/8ceb8d24-7c65-4d2a-996b-3b2a78839943.mp3","description":"Keep it down means be quiet. \n\nPay attention to these examples:\n\n- Your music is so loud! Do you mind keeping it down? It's after midnight.\n\n- Do you mind keeping it down? I'm trying to watch the game.","descriptionVoicePath":"/data/user/0/com.example.leitner/app_flutter/7491759f-fd57-48e7-ba62-93dc93c5f409.mp3","imagePath":"","dateCreated":"2021-10-10 12:37:09.913","examDone":false,"boxNumber":0,"boxVisibleDate":"2022-01-26 18:49:19.097","lessonId":8},{"question":"- I'm really sorry. I'm going to be 10 minutes late.\n+ --------------------------. Peter and Mike are late too.\n\nکامل کنید: مشکل بزرگی نیست. (۶ کلمه)","orderIndex":3,"questionVoicePath":"/data/user/0/com.example.leitner/app_flutter/db1e18d6-6a3a-4f6d-b9e1-296961dcd1fa.mp3","ratio":1.2,"reply":"it's not a big deal ","replyVoicePath":"/data/user/0/com.example.leitner/app_flutter/899574ab-a78b-4a55-9de0-392cdffb06fc.mp3","description":"Not a big deal means not a big problem.\n\nPay attention to this example:\n\n- I can't get these files due by tomorrow.\n+ Don't worry about it, it's not a big deal.","descriptionVoicePath":"/data/user/0/com.example.leitner/app_flutter/6cef020d-f812-40bc-bf40-15ca0d5a71c5.mp3","imagePath":"","dateCreated":"2021-10-10 12:40:59.092","examDone":false,"boxNumber":0,"boxVisibleDate":"2022-01-26 18:49:19.109","lessonId":8},{"question":"- Oh no! My phone's ringing!\n+ Turn it off!\n\n\nدر مکالمه بالا چه عبارتی می تواند جایگزین\nturn it off\nشود؟","orderIndex":4,"questionVoicePath":"/data/user/0/com.example.leitner/app_flutter/5129454e-69f3-4e63-9e8d-d4ffef453422.mp3","ratio":1.2,"reply":"Switch it off","replyVoicePath":"/data/user/0/com.example.leitner/app_flutter/2bed31c4-b3c0-498b-a7bf-447b229cb7ab.mp3","description":"Switch it off means turn it off.\n\nThere are three ways you can use this verb.\n- Did you switch off your phone?\n- Did you switch your phone off?\n- Did you switch it off?","descriptionVoicePath":"/data/user/0/com.example.leitner/app_flutter/94e15cb6-60a1-4e9c-8343-1e85268b2109.mp3","imagePath":"","dateCreated":"2021-10-10 13:18:28.478","examDone":false,"boxNumber":0,"boxVisibleDate":"2022-01-26 18:49:19.120","lessonId":8},{"question":"- What? Are you talking to me? The music is so loud! ---------------.\n\nکامل کنید: هیچی نمی شنوم. (۵ کلمه)","orderIndex":5,"questionVoicePath":"/data/user/0/com.example.leitner/app_flutter/743a7b54-f8a1-44b5-8561-5c099a49af34.mp3","ratio":1.2,"reply":"I can't hear a thing","replyVoicePath":"/data/user/0/com.example.leitner/app_flutter/6b152874-6fe4-4d16-8b72-24b1014a398a.mp3","description":"I can't hear a thing means I can't hear anything.\n\nPay attention to thie example:\n\n- What's going on?\n+ I don't know, I can't hear a thing.","descriptionVoicePath":"/data/user/0/com.example.leitner/app_flutter/e28d0df6-8dba-42b8-89f6-f91b7a97f265.mp3","imagePath":"","dateCreated":"2021-10-10 13:20:48.331","examDone":false,"boxNumber":0,"boxVisibleDate":"2022-01-26 18:49:19.128","lessonId":8},{"question":"- I forgot my wallet, do you -------- paying for dinner?","orderIndex":6,"questionVoicePath":"/data/user/0/com.example.leitner/app_flutter/893a9261-814e-4974-a0e7-321e2452656d.mp3","ratio":1.2,"reply":"mind","replyVoicePath":"/data/user/0/com.example.leitner/app_flutter/46534c1d-c3ec-4be9-a656-cfade90a11b6.mp3","description":"Do you mind is a formal way to ask someone to do something. It is usually meant to be polite but sometimes depending on the tone it can be sarcastic and rude. \n\nPay attention to these examples:\n\n- Do you mind holding my coat for me please?\n\n- This is a library. Do you mind turning off your phone?","descriptionVoicePath":"/data/user/0/com.example.leitner/app_flutter/b6d21c18-c732-4d20-98e1-7bd1d4e33d4e.mp3","imagePath":"","dateCreated":"2021-10-10 13:25:50.687","examDone":false,"boxNumber":0,"boxVisibleDate":"2022-01-26 18:49:19.140","lessonId":8}]},{"title":"I'm in Debt ","orderIndex":10,"imagePath":null,"storyTitle":"I’m in Debt ","storyDesc":"A: Hello, I’m here to see Mr. Corleone.\nB: Right this way, sir.\n\nC: Charlie! What can I do for you?\nB: Mr. Corlone, I’m really sorry to trouble you, but I need your help.\nC: Anything for you, Charlie! Your father was like a brother to me.\nB: Well, sir, you see, this recession has hit me pretty hard; I lost my job and I’m in a lot of debt.\nC: I see……\nB: Yeah, you know, I’ve got credit card bills, car payments, I’ve got to pay my mortgage; and on top of all that, I have to pay my son’s college tuition.\nC: So you’re asking for a loan.\nB: Well, I just thought maybe you could help me out.\nC: What? At a time like this? I’m broke too, you know! You’re not the only one who has been hit by the recession! I lost half my money in the stock market crash! Go on! Get outta here!","storyImagePath":null,"storyVoicePathOne":"/data/user/0/com.example.leitner/app_flutter/d4d179bc-b252-4c90-8c94-ebef8a24c876.mp3","storyVoicePathTwo":"/data/user/0/com.example.leitner/app_flutter/a48ea050-169b-400c-9ebd-fb4ac3aa9189.mp3","descriptionTitle":"I’m in Debt ","descriptionDesc":"A: Hello, I’m here to see Mr. Corleone.\nB: Right this way, sir.\n\nC: Charlie! What can I do for you?\nB: Mr. Corlone, I’m really sorry to trouble you, but I need your help.\nC: Anything for you, Charlie! Your father was like a brother to me.\nB: Well, sir, you see, this recession has hit me pretty hard; I lost my job and I’m in a lot of debt.\nC: I see……\nB: Yeah, you know, I’ve got credit card bills, car payments, I’ve got to pay my mortgage; and on top of all that, I have to pay my son’s college tuition.\nC: So you’re asking for a loan.\nB: Well, I just thought maybe you could help me out.\nC: What? At a time like this? I’m broke too, you know! You’re not the only one who has been hit by the recession! I lost half my money in the stock market crash! Go on! Get outta here!","descriptionImagePath":null,"descriptionVoicePathOne":"/data/user/0/com.example.leitner/app_flutter/4c18c0aa-1d71-4a60-ae9f-ed0101a6f35e.mp3","descriptionVoicePathTwo":null,"subGroupId":1,"cards":[{"question":"- I can't even afford to fix my car! -----------------.\n\nکامل کنید: زیر بار قرضم. (۴ کلمه)","orderIndex":1,"questionVoicePath":"/data/user/0/com.example.leitner/app_flutter/01462c1b-cfd2-4a4a-89d0-f5f7f8dcca28.mp3","ratio":1.2,"reply":"I'm in debt ","replyVoicePath":"/data/user/0/com.example.leitner/app_flutter/24aa460f-1273-4841-aa9d-47cd003a908f.mp3","description":"If you owe money to someone, you're in debt.","descriptionVoicePath":"/data/user/0/com.example.leitner/app_flutter/6b2a8dd0-1e0f-4958-9016-95c59735e1d1.mp3","imagePath":"","dateCreated":"2021-10-10 15:52:16.803","examDone":false,"boxNumber":0,"boxVisibleDate":"2022-01-26 18:49:19.203","lessonId":9},{"question":"- The country is experiencing a ------------.The economy is very bad.\n\nکامل کنید: رکود اقتصادی","orderIndex":2,"questionVoicePath":"/data/user/0/com.example.leitner/app_flutter/e5b3de04-2d3f-458b-aba9-2206c0f504f9.mp3","ratio":1.2,"reply":"recession ","replyVoicePath":"/data/user/0/com.example.leitner/app_flutter/70484be6-e536-408c-b62a-c5f424693fae.mp3","description":"A recession is a period of time when the economy of a country is doing badly.\nIn a recession, people lose their job and start spending less money, companies close or go bankrupt and their stock market prices fall.","descriptionVoicePath":"/data/user/0/com.example.leitner/app_flutter/7749889a-80b6-4764-a07d-fac4fd43d63f.mp3","imagePath":"","dateCreated":"2021-10-10 15:58:48.109","examDone":false,"boxNumber":0,"boxVisibleDate":"2022-01-26 18:49:19.215","lessonId":9},{"question":"- Can you lend me some money? \n+ No, I'm sorry, I'm -------.\n\nکامل کنید: ورشکسته","orderIndex":3,"questionVoicePath":"/data/user/0/com.example.leitner/app_flutter/4320ae41-4ad4-4218-a0a2-1029b46973c2.mp3","ratio":1.2,"reply":"broke","replyVoicePath":"/data/user/0/com.example.leitner/app_flutter/a855bef1-3cd0-4174-bb5c-f3237bc7b375.mp3","description":"If you're broke, you have no money.","descriptionVoicePath":"/data/user/0/com.example.leitner/app_flutter/8f4f960b-4109-42f8-86fd-5cf2ae5a85b1.mp3","imagePath":"","dateCreated":"2021-10-10 19:37:21.395","examDone":false,"boxNumber":0,"boxVisibleDate":"2022-01-26 18:49:19.224","lessonId":9},{"question":"- I wanna buy a car but I don't have enough money.\n+ Why don't you get a --------?\n\nکامل کنید: وام","orderIndex":4,"questionVoicePath":"/data/user/0/com.example.leitner/app_flutter/13504f31-dd86-4a1d-be69-cc70f6c73d56.mp3","ratio":1.2,"reply":"loan ","replyVoicePath":"/data/user/0/com.example.leitner/app_flutter/d61672c5-39c4-4d1e-b62e-7e0967b40198.mp3","description":"When you borrow money, you get a loan.","descriptionVoicePath":"/data/user/0/com.example.leitner/app_flutter/4520401b-4d24-4382-9ea0-a81c69f9d683.mp3","imagePath":"","dateCreated":"2021-10-10 20:05:05.497","examDone":false,"boxNumber":0,"boxVisibleDate":"2022-01-26 18:49:19.231","lessonId":9},{"question":"- Are you happy with your new house?\n+ Yes! But I'm going to have to pay its --------- for years.\n\nکامل کنید: وام مخصوص برای خرید خانه. (یک کلمه)","orderIndex":5,"questionVoicePath":"/data/user/0/com.example.leitner/app_flutter/2b13f46e-7073-4cef-a7c3-1596f4a6a83b.mp3","ratio":1.2,"reply":"mortgage ","replyVoicePath":"/data/user/0/com.example.leitner/app_flutter/27ee1821-6a94-4204-8f03-29037743ed38.mp3","description":"A mortgage is a type of loan for a house or property. ","descriptionVoicePath":"/data/user/0/com.example.leitner/app_flutter/ed72b80b-7a46-448a-9158-99a0eb7af4ae.mp3","imagePath":"","dateCreated":"2021-10-10 20:14:11.210","examDone":false,"boxNumber":0,"boxVisibleDate":"2022-01-26 18:49:19.239","lessonId":9},{"question":"- The divorce --------------, I'm very depressed. \n\nکامل کنید: ضربه خیلی سختی بهم زد. (۴ کلمه)","orderIndex":6,"questionVoicePath":"/data/user/0/com.example.leitner/app_flutter/208176d0-32a1-43c7-b26f-e19d45dbf437.mp3","ratio":1.2,"reply":"hit me pretty hard","replyVoicePath":"/data/user/0/com.example.leitner/app_flutter/2570ebfb-f044-41eb-b2ca-e17fe22c830e.mp3","description":"Hit me pretty hard.\nHit me hard.\n\nPay attention to these examples:\n\n- This cold hit me pretty hard, I've been in bed for a week.\n\n- The news of my aunt's death hit me hard, I've been crying for days.","descriptionVoicePath":"/data/user/0/com.example.leitner/app_flutter/f08f054f-e5d4-4148-b17a-0e1224bc0e41.mp3","imagePath":"","dateCreated":"2021-10-10 20:17:26.607","examDone":false,"boxNumber":0,"boxVisibleDate":"2022-01-26 18:49:19.246","lessonId":9},{"question":"- I found a part time job, I need to save up for my -----------.\n\nکامل کنید: شهریه","orderIndex":7,"questionVoicePath":"/data/user/0/com.example.leitner/app_flutter/f9f725dd-df1d-459c-aa8b-32ba237b196a.mp3","ratio":1.2,"reply":"tuition","replyVoicePath":"/data/user/0/com.example.leitner/app_flutter/99cbf66b-c85f-452e-8382-5e230fa3695d.mp3","description":"The money you pay to school to study there. ","descriptionVoicePath":"/data/user/0/com.example.leitner/app_flutter/3b2cd413-3a11-4159-b857-437e03eb44c4.mp3","imagePath":"","dateCreated":"2021-10-10 20:20:03.993","examDone":false,"boxNumber":0,"boxVisibleDate":"2022-01-26 18:49:19.254","lessonId":9},{"question":"What is a more formal way of saying \"Can I help you?\"\n\n(۶ کلمه)","orderIndex":8,"questionVoicePath":"/data/user/0/com.example.leitner/app_flutter/a7a7a955-f4c8-4d6f-9cec-68a1ba998eb6.mp3","ratio":1.2,"reply":"What can I do for you?","replyVoicePath":"/data/user/0/com.example.leitner/app_flutter/17d57dbf-b66c-49ac-b470-6a484037a894.mp3","description":"\"What can I do for you?\" is a more polite and natural way of saying \"Can I help you?\" or \"What do you need?\".","descriptionVoicePath":"/data/user/0/com.example.leitner/app_flutter/95cc244f-5aa0-48b7-bb6f-f7666ce4b7d3.mp3","imagePath":"","dateCreated":"2021-10-10 20:22:29.323","examDone":false,"boxNumber":0,"boxVisibleDate":"2022-01-26 18:49:19.262","lessonId":9},{"question":"- Can I ---------------- for a moment? I just need you to sign this form for me.\n\nکامل کنید. (مزاحم تون بشم/وققتون رو بگیرم) (۲کلمه)","orderIndex":9,"questionVoicePath":"/data/user/0/com.example.leitner/app_flutter/2fdb4f93-6959-4643-a624-0e51fc6b0da1.mp3","ratio":1.2,"reply":"trouble you ","replyVoicePath":"/data/user/0/com.example.leitner/app_flutter/ce1944d3-1202-444a-bcfc-6a8e8fa1f2e7.mp3","description":"Pay attention to these examples:\n\n- I'm really sorry to trouble you, may I go home early today?\n\n- Can I trouble you for a pen? Mine is not working.","descriptionVoicePath":"/data/user/0/com.example.leitner/app_flutter/42be4635-0ea8-41d3-aa52-da683043cbf4.mp3","imagePath":"","dateCreated":"2021-10-10 20:30:07.646","examDone":false,"boxNumber":0,"boxVisibleDate":"2022-01-26 18:49:19.268","lessonId":9},{"question":"- Today, I lost my job, my car got stolen, and -------------------, my girlfriend broke up with me.","orderIndex":10,"questionVoicePath":"/data/user/0/com.example.leitner/app_flutter/aa2d46f2-d88a-4a43-b2a7-926822217814.mp3","ratio":1.2,"reply":"on top of all that","replyVoicePath":"/data/user/0/com.example.leitner/app_flutter/88938dc7-25e4-4ce6-8d69-e54662ac3f07.mp3","description":"On top of all that is a way of saying \"and also\".\n\nFor example:\n\n- I had the best day! It was my birthday and my friends all came to celebrate, and on top of all that, I got a lot of presents! ","descriptionVoicePath":"/data/user/0/com.example.leitner/app_flutter/0b50e6b6-35fe-47f0-a0a1-5b7272237fc1.mp3","imagePath":"","dateCreated":"2021-10-10 20:41:22.129","examDone":true,"boxNumber":0,"boxVisibleDate":"2022-01-26 18:49:19.276","lessonId":9}]},{"title":"In A Restaurant!","orderIndex":1,"imagePath":null,"storyTitle":"Difficult Customer","storyDesc":"- Good evening, my name is Sophia. I'll be your waitress for tonight. May I take your order?\n+ No, I'm still working on it. This menu is not even in English. What's good here?\n- For you sir, I would recommend spaghetti and meatballs.\n+ Does it come with Coke and fries?\n- It comes with either soup or salad and a complimentary glass of wine, sir.\n+ I'll go with spaghetti and meatballs, salad, and the wine.\n- Excellent choice! your order will be ready soon\n+ How soon is soon?\n- 20-minutes.\n+ You know what?! I'll just go grab a burger across the street.\n","storyImagePath":null,"storyVoicePathOne":"/data/user/0/com.example.leitner/app_flutter/42bb0084-b410-4ace-b180-ad823cf7eef6.mp3","storyVoicePathTwo":"/data/user/0/com.example.leitner/app_flutter/3d1858c5-cdbf-4bfe-890f-c6ca983d4001.mp3","descriptionTitle":"Difficult Customer","descriptionDesc":"- Good evening, my name is Fabio. I'll be your waiter for tonight. May I take your order?\n+ No, I'm still working on it. This menu is not even in English. What's good here?\n- For you sir, I would recommend spaghetti and meatballs.\n+ Does it come with Coke and fries?\n- It comes with either soup or salad and a complimentary glass of wine, sir.\n+ I'll go with spaghetti and meatballs, salad, and the wine.\n- Excellent choice! your order will be ready soon\n+ How soon is soon?\n- 20-minutes.\n+ You know what?! I'll just go grab a burger across the street.\n \nwaiter -> male\nwaitress -> female","descriptionImagePath":null,"descriptionVoicePathOne":"/data/user/0/com.example.leitner/app_flutter/cfdbd2d9-3235-405e-b502-204a2d2ca028.mp3","descriptionVoicePathTwo":"/data/user/0/com.example.leitner/app_flutter/f5a635fa-71ae-4683-9656-98bddbcf5fd0.mp3","subGroupId":1,"cards":[{"question":"- Did you finish reading the magazine?\n+ No, ------------------------------.\n\nپاسخ بدین هنوز دارم روش کار می کنم.","orderIndex":1,"questionVoicePath":"/data/user/0/com.example.leitner/app_flutter/0e54c129-ae13-417e-b345-7a076afd6852.mp3","ratio":1.2,"reply":"I'm still working on it.","replyVoicePath":"/data/user/0/com.example.leitner/app_flutter/709473cc-4e9a-48fc-81f3-7574d60a3f0b.mp3","description":"I'm still working on it means that I still need more time.\n\nFor example:\n\n- Did you fix my car?\n+ I'm still working on it.","descriptionVoicePath":"/data/user/0/com.example.leitner/app_flutter/afc62e0d-45ad-4565-9445-e5be9f600be9.mp3","imagePath":"","dateCreated":"2021-10-08 14:23:18.570","examDone":false,"boxNumber":0,"boxVisibleDate":"2022-01-26 18:49:19.326","lessonId":10},{"question":"- What's good here?\n+ The burger is great! It comes with -----------.\n\nپاسخ بدین کوکاکولا و سیب زمینی سرخ کرده (به اختصار)","orderIndex":2,"questionVoicePath":"/data/user/0/com.example.leitner/app_flutter/6687dbf8-8013-4828-9f83-8e164f42e767.mp3","ratio":1.2,"reply":"Coke and fries.","replyVoicePath":"/data/user/0/com.example.leitner/app_flutter/249f2e94-2ebc-4ef7-9ae9-1b0dbf44a524.mp3","description":"Coke and fries is short for Coca-Cola and French fries, which is a popular American dish.\n","descriptionVoicePath":"/data/user/0/com.example.leitner/app_flutter/332a3e05-e9a3-4afd-80b5-99d561c60f52.mp3","imagePath":"","dateCreated":"2021-10-08 14:24:32.839","examDone":false,"boxNumber":0,"boxVisibleDate":"2022-01-26 18:49:19.334","lessonId":10},{"question":"- You must try the spaghetti here. It comes with either soup or salad and ------------------.\n\nپاسخ بدین یک گیلاس شراب مجانی.","orderIndex":3,"questionVoicePath":"/data/user/0/com.example.leitner/app_flutter/71e2e374-4210-4243-9f29-685f0bb39187.mp3","ratio":1.2,"reply":"a complimentary glass of wine.","replyVoicePath":"/data/user/0/com.example.leitner/app_flutter/de7186ef-607d-4386-b84b-633fef279b47.mp3","description":"One of the meanings of the word complimentary is free.\nMake sure not to confuse the word \"complimentary\" with \"complementary\".\nComplimentary can mean both free or flattering.\nComplementary means harmonizing or complementing. ","descriptionVoicePath":"/data/user/0/com.example.leitner/app_flutter/2d97828c-a49c-472a-9e1e-a0030b9c63ef.mp3","imagePath":"","dateCreated":"2021-10-08 14:29:48.922","examDone":false,"boxNumber":0,"boxVisibleDate":"2022-01-26 18:49:19.342","lessonId":10},{"question":"- Would you rather have soup or salad?\n- I'll take the salad.\n\nدر مکالمه بالا چه عبارتی می‌تواند جایگزین \nI'll take\nشود؟","orderIndex":4,"questionVoicePath":"/data/user/0/com.example.leitner/app_flutter/0016c6f7-888c-4436-8c30-1ea59985ebe6.mp3","ratio":1.2,"reply":"I'll go with","replyVoicePath":"/data/user/0/com.example.leitner/app_flutter/6a16abf0-cb6d-4515-bc44-b01cd81fa4c9.mp3","description":"I'll go with means I'm choosing or I'll take.","descriptionVoicePath":"/data/user/0/com.example.leitner/app_flutter/93bac7cb-f4c7-4220-882e-b0addf4eff86.mp3","imagePath":"","dateCreated":"2021-10-08 18:46:20.992","examDone":false,"boxNumber":0,"boxVisibleDate":"2022-01-26 18:49:19.351","lessonId":10},{"question":"let's ------ a cup of coffee.\n\nجمله بالا را با یک کلمه کامل کنید.\n(to get something quickly)","orderIndex":5,"questionVoicePath":"/data/user/0/com.example.leitner/app_flutter/51200b71-2631-413d-bfe9-b029eaccfee1.mp3","ratio":1.2,"reply":"grab","replyVoicePath":"/data/user/0/com.example.leitner/app_flutter/5852cbfc-184a-412b-a9e9-3ccffa000ed4.mp3","description":"grab means to get something quickly.\n\npay attention to these examples:\n\n- Wait for me please I have to grab my coat.\n\n- On your way home can you grab some milk please.","descriptionVoicePath":"/data/user/0/com.example.leitner/app_flutter/2c2135e2-f34c-4d43-ab4f-cfb347623d94.mp3","imagePath":"","dateCreated":"2021-10-08 14:39:33.659","examDone":false,"boxNumber":0,"boxVisibleDate":"2022-01-26 18:49:19.358","lessonId":10}]}]}]